{"nodes":[{"node":{"id":1,"pos":{"x":203,"y":226.3333282470703},"label":"","value":0.5,"edges":[]},"config":{"id":0,"startValue":0,"label":"Asset-Volatility","hue":4,"radius":25},"geometry":{"circleRadius":0,"controlsAlpha":0,"controlsDirection":0},"edges":[{"edge":{"id":6,"from":1,"to":2,"impact":1,"allowance":0},"config":{"id":0,"label":"","strength":1,"allowance":0},"geometry":{"arc":-177.47899023364698,"from":1,"to":2,"rotation":0,"drawBase":{"f":{"x":406,"y":452.6666564941406},"ap":{"x":665.1370563496091,"y":127.69517562346326},"a":0.4458001488995812,"aa":1.9143426008443476,"w":684.9421755056043,"y":-12.26725757703423,"y2":12.26725757703423,"r":342.69072289025974},"labelDrawBase":{"lp":{"x":342.47108775280213,"y":404.95798046729396},"l":"+","labelXY":{"x":280.97461513951134,"y":460.29991315792233}},"arrowDrawBase":{"startAngle":3.1057881272919876,"begin":-3.485138927639244,"end":0.34354627404945115,"arrowLength":20}}},{"edge":{"id":7,"from":1,"to":3,"impact":1,"allowance":0},"config":{"id":0,"label":"","strength":1,"allowance":0},"geometry":{"arc":63.441354961875476,"from":1,"to":3,"rotation":0,"drawBase":{"f":{"x":406,"y":452.6666564941406},"ap":{"x":1081.8562876928593,"y":-47.257338662075426},"a":-0.09045917632287122,"aa":0.3285114663015134,"w":1202.9183023936478,"y":1362.1000398262568,"y2":1362.1000398262568,"r":1488.9827497500078},"labelDrawBase":{"lp":{"x":601.459151196824,"y":-176.882709923751},"l":"+","labelXY":{"x":496.7689707909117,"y":135.98469815536302}},"arrowDrawBase":{"startAngle":-1.9866157219638372,"begin":-1.89930779309641,"end":-1.2422848604933832,"arrowLength":20}}}],"edgeReferences":[{"node":2,"edge":5}]},{"node":{"id":2,"pos":{"x":512,"y":366},"label":"","value":0.5,"edges":[]},"config":{"id":0,"startValue":0.55,"label":"Trading Volume","hue":2,"radius":25},"geometry":{"circleRadius":0,"controlsAlpha":0,"controlsDirection":0},"edges":[{"edge":{"id":3,"from":2,"to":4,"impact":-1,"allowance":-1},"config":{"id":0,"label":"","strength":1,"allowance":0},"geometry":{"arc":-80.27591131916432,"from":2,"to":4,"rotation":0,"drawBase":{"f":{"x":1024,"y":732},"ap":{"x":977.1613266727652,"y":63.19865454098681},"a":0.034848271861013254,"aa":2.69812025700961,"w":1090.6621841798678,"y":845.8611923059826,"y2":-845.8611923059826,"r":1006.4130149443113},"labelDrawBase":{"lp":{"x":545.331092089934,"y":210.55182263832864},"l":"- -> –","labelXY":{"x":781.703089394337,"y":455.7271726361229}},"arrowDrawBase":{"startAngle":-2.1434403438426406,"begin":2.01426872337508,"end":1.1273239302147133,"arrowLength":20}}},{"edge":{"id":4,"from":2,"to":4,"impact":1,"allowance":1},"config":{"id":0,"label":"","strength":1,"allowance":0},"geometry":{"arc":50.267033897893995,"from":2,"to":4,"rotation":0,"drawBase":{"f":{"x":1024,"y":732},"ap":{"x":967.3853198550462,"y":-41.14171181415077},"a":0.034848271861013254,"aa":0.2796081742489358,"w":1090.6621841798678,"y":1428.7639379915147,"y2":1428.7639379915147,"r":1529.2980057873026},"labelDrawBase":{"lp":{"x":545.331092089934,"y":-150.5340677957879},"l":"+ -> +","labelXY":{"x":786.2513647358703,"y":325.26348520792897}},"arrowDrawBase":{"startAngle":-1.9354108238847978,"begin":-1.8504045010438324,"end":-1.2911881525459608,"arrowLength":20}}},{"edge":{"id":5,"from":2,"to":1,"impact":1,"allowance":0},"config":{"id":0,"label":"","strength":1,"allowance":0},"geometry":{"arc":-13.552476967512355,"from":2,"to":1,"rotation":0,"drawBase":{"f":{"x":1024,"y":732},"ap":{"x":542.8830722035216,"y":16.851701881572808},"a":-2.73878581256262,"aa":3.042608546999227,"w":671.7651745974741,"y":2067.563630459491,"y2":-2067.563630459491,"r":2094.6685843945156},"labelDrawBase":{"lp":{"x":335.8825872987372,"y":77.1049539350247},"l":"+","labelXY":{"x":362.81259911587347,"y":287.69886870537994}},"arrowDrawBase":{"startAngle":-1.7318427572148807,"begin":1.6697804333854631,"end":1.47181222020433,"arrowLength":20}}}],"edgeReferences":[{"node":5,"edge":2},{"node":1,"edge":6},{"node":3,"edge":8}]},{"node":{"id":3,"pos":{"x":802,"y":164},"label":"","value":0.5,"edges":[]},"config":{"id":0,"startValue":0.55,"label":"Fees","hue":4,"radius":25},"geometry":{"circleRadius":0,"controlsAlpha":0,"controlsDirection":0},"edges":[{"edge":{"id":8,"from":3,"to":2,"impact":-2,"allowance":0},"config":{"id":0,"label":"","strength":1,"allowance":0},"geometry":{"arc":-15.812183763134058,"from":3,"to":2,"rotation":0,"drawBase":{"f":{"x":1604,"y":328},"ap":{"x":587.4746890926183,"y":18.699849935093198},"a":2.5148497523787463,"aa":3.0290425456762033,"w":716.1005515987263,"y":2011.1058232691546,"y2":-2011.1058232691546,"r":2042.7301907954227},"labelDrawBase":{"lp":{"x":358.05027579936325,"y":81.62436752626809},"l":"– –","labelXY":{"x":647.7259990713738,"y":256.1930463366591}},"arrowDrawBase":{"startAngle":-1.7469867532320886,"begin":1.683346434708486,"end":1.458246218881307,"arrowLength":20}}},{"edge":{"id":9,"from":3,"to":4,"impact":1,"allowance":0},"config":{"id":0,"label":"","strength":1,"allowance":0},"geometry":{"arc":51.13227093461653,"from":3,"to":4,"rotation":0,"drawBase":{"f":{"x":1604,"y":328},"ap":{"x":559.8863979288924,"y":-60.09979966298101},"a":0.714090698612158,"aa":0.37465601850169783,"w":674.880730203493,"y":505.59050862666015,"y2":505.59050862666015,"r":607.8550504958932},"labelDrawBase":{"lp":{"x":337.4403651017466,"y":-152.26454186923308},"l":"+","labelXY":{"x":962.9880857337354,"y":235.85990107645918}},"arrowDrawBase":{"startAngle":-2.1593191214201863,"begin":-1.9454523452965942,"end":-1.1961403082931987,"arrowLength":20}}}],"edgeReferences":[{"node":1,"edge":7}]},{"node":{"id":4,"pos":{"x":1057,"y":377},"label":"","value":0.5,"edges":[]},"config":{"id":0,"startValue":0.55,"label":"LP-ROI","hue":1,"radius":25},"geometry":{"circleRadius":0,"controlsAlpha":0,"controlsDirection":0},"edges":[{"edge":{"id":10,"from":4,"to":6,"impact":1,"allowance":0},"config":{"id":0,"label":"","strength":1,"allowance":0},"geometry":{"arc":27.84366345858143,"from":4,"to":6,"rotation":0,"drawBase":{"f":{"x":2114,"y":754},"ap":{"x":448.08664897481293,"y":-38.2817307110422},"a":1.9692622460354503,"aa":0.21405251296312255,"w":572.1577187918282,"y":706.9834356676625,"y2":706.9834356676625,"r":762.6707625848254},"labelDrawBase":{"lp":{"x":286.07885939591415,"y":-105.68732691716286},"l":"+","labelXY":{"x":1027.1623159398603,"y":519.6368138070912}},"arrowDrawBase":{"startAngle":-1.955302469787584,"begin":-1.7848488397580191,"end":-1.356743813831774,"arrowLength":20}}}],"edgeReferences":[{"node":2,"edge":3},{"node":2,"edge":4},{"node":3,"edge":9}]},{"node":{"id":5,"pos":{"x":694,"y":629.6666717529297},"label":"","value":0.5,"edges":[]},"config":{"id":0,"startValue":0.16,"label":"Slippage","hue":0,"radius":25},"geometry":{"circleRadius":0,"controlsAlpha":0,"controlsDirection":0},"edges":[{"edge":{"id":2,"from":5,"to":2,"impact":-1,"allowance":0},"config":{"id":0,"label":"","strength":1,"allowance":0},"geometry":{"arc":54.70982917215703,"from":5,"to":2,"rotation":0,"drawBase":{"f":{"x":1388,"y":1259.3333435058594},"ap":{"x":516.612292460191,"y":-66.89597867559138},"a":-2.1894406683206684,"aa":0.41341245913474145,"w":627.660567648535,"y":395.34388391521463,"y2":395.34388391521463,"r":504.76354225952866},"labelDrawBase":{"lp":{"x":313.83028382426755,"y":-159.41965834431403},"l":"–","labelXY":{"x":558.4297954736288,"y":533.5612774504788}},"arrowDrawBase":{"startAngle":-2.241755120235136,"begin":-1.984208785929638,"end":-1.157383867660155,"arrowLength":20}}}],"edgeReferences":[{"node":6,"edge":1}]},{"node":{"id":6,"pos":{"x":946,"y":632.6666717529297},"label":"","value":0.5,"edges":[]},"config":{"id":0,"startValue":0.33,"label":"Liquidity","hue":5,"radius":25},"geometry":{"circleRadius":0,"controlsAlpha":0,"controlsDirection":0},"edges":[{"edge":{"id":1,"from":6,"to":5,"impact":-1,"allowance":0},"config":{"id":0,"label":"","strength":1,"allowance":0},"geometry":{"arc":-22.39127560197187,"from":6,"to":5,"rotation":0,"drawBase":{"f":{"x":1892,"y":1265.3333435058594},